,data,train,valid,test
0,camelyon17,0.9994514517225044,0.9854545454545456,0.8387096774193549
