,data,train,valid,test
0,camelyon17,0.999451452,0.985454545,0.838709677