,data,train,valid,test
0,camelyon17,0.9803723488053459,0.9512694655509235,0.8734095518777776
