,data,train_pearson,id_valid_pearson,ood_valid_pearson,test_pearson
0,poverty,0.1382424245464496,0.11065311820262341,0.03155489982651021,0.009090127384989133
