,data,train_pearson,id_valid_pearson,ood_valid_pearson,test_pearson
0,poverty,0.12229711779984526,0.0721039844946735,0.3868746249217531,-0.0018896997685473524
