,data,train_pearson,id_valid_pearson,ood_valid_pearson,test_pearson
0,poverty,0.11678015739495656,0.0845586430605155,0.18036341615461204,0.004178022134715117
