,data,train_pearson,id_valid_pearson,ood_valid_pearson,test_pearson
0,poverty,0.08992195263533204,0.01547379288265316,0.33597557072443873,-0.07460796544037014
