,data,train_pearson,id_valid_pearson,ood_valid_pearson,test_pearson
0,poverty,0.09938876226828933,0.052716081632691064,-0.12918335110923498,-0.10539149416480051
