,data,train_pearson,id_valid_pearson,ood_valid_pearson,test_pearson
0,poverty,0.09677405016116365,0.025316103535379688,0.31712065742384643,-0.08621944177584083
