,data,train_pearson,id_valid_pearson,ood_valid_pearson,test_pearson
0,poverty,0.11582636047145733,0.08312958153800437,0.1780058439158916,0.003801311063217477
