,data,train_pearson,id_valid_pearson,ood_valid_pearson,test_pearson
0,poverty,0.1159948341440939,0.08393820581559877,0.17984592586009687,0.004837401879935916
