,data,train_pearson,id_valid_pearson,ood_valid_pearson,test_pearson
0,poverty,0.12077443785818687,0.07036919450999911,0.38622703061426394,-0.0011941046795182764
