,data,train_pearson,id_valid_pearson,ood_valid_pearson,test_pearson
0,poverty,0.14000445428341862,0.11187378627018545,0.030427575015497536,0.01731199892570302
