,data,train_pearson,id_valid_pearson,ood_valid_pearson,test_pearson
0,poverty,0.14452356360597549,0.09887603459191172,-0.009498812768512919,0.034781931039743516
