,data,train_pearson,id_valid_pearson,ood_valid_pearson,test_pearson
0,poverty,0.11639577874676368,0.0840920680554082,0.17948949313869433,0.003909435102368338
