,data,train_pearson,id_valid_pearson,ood_valid_pearson,test_pearson
0,poverty,0.14470378409573198,0.09945819432892303,-0.009262548252583495,0.03682068651962473
