,C02,B03,C05,A05,A07,Internal,External,All
A05+B03+C02+C05,0.7570146682605974,0.7508775307665908,0.7460474343534685,0.7172884649261727,0.7110597274180348,0.7428070245767073,0.7110597274180348,0.7364575651449728
A07+B03+C02+C05,0.7583545102589484,0.7503446430476629,0.7449876474644019,0.6990509020922375,0.7111449021414216,0.7412079257281087,0.6990509020922375,0.7327765210009345
A05+A07+B03+C02,0.7608916428506975,0.7507094304639326,0.7009063384787013,0.7098639462784498,0.7124461159907212,0.7334777838959503,0.7009063384787013,0.7269634948125004
A05+A07+C02+C05,0.7563290981204155,0.7135053115374929,0.7387655193319556,0.711165670038625,0.7090669283286979,0.7288318039549234,0.7135053115374929,0.7257665054714374
A05+A07+B03+C05,0.6808441857004995,0.7473987897081417,0.7423151838203105,0.7103586576749085,0.7118246051933541,0.7279743090991787,0.6808441857004995,0.7185482844194429
