,C02,B03,C05,A05,A07,Internal,External,All
A05+B03+C02+C05,0.7494962095929276,0.7366641911012677,0.7352365504182505,0.6979810942116169,0.7048709354443006,0.7298445113310157,0.7048709354443006,0.7248497961536726
A07+B03+C02+C05,0.7565053802048138,0.7345586118691831,0.7325275743837261,0.6824692965726447,0.6944692603604493,0.7295152067045432,0.6824692965726447,0.7201060246781635
A05+A07+B03+C02,0.7624634193256861,0.7392247336461553,0.6965162264628796,0.7005860612061862,0.7040758951914841,0.7265875273423779,0.6965162264628796,0.7205732671664783
A05+A07+C02+C05,0.7604744888435186,0.7017171037059763,0.7319686493123552,0.7111447405066437,0.6965900214755316,0.7250444750345123,0.7017171037059763,0.7203790007688051
A05+A07+B03+C05,0.6994643042878388,0.7331021531733823,0.7355339740143569,0.7069494966962219,0.693801972671729,0.7173468991389226,0.6994643042878388,0.7137703801687058
