Model,Ndomains,C02,A07,A05,B03,C05,Internal,External,diff(int-ext),All,Nlayers,Nnodes
ERM 10 layers 128 nodes,3,0.7959457627464513,0.7424485636453029,0.7736601879226896,0.8293344682464678,0.7710582595363834,0.8002993379357579,0.7557746141450107,0.04452472379074709,0.782489448419459,10.0,128.0
ERM 10 layers 32 nodes,3,0.7943121178337696,0.7418376040024693,0.7727947155039405,0.828782397327678,0.7718922817986541,0.7988275335500152,0.7565682579082328,0.042259275641782494,0.7819238232933023,10.0,32.0
ERM 10 layers 64 nodes,3,0.7954079548092414,0.7436032386960213,0.773894584221368,0.8296800074627021,0.7726625126624873,0.8003267033235446,0.7571340939405933,0.04319260938295131,0.783049659570364,10.0,64.0
ERM 20 layers 128 nodes,3,0.795245501872903,0.741881604278197,0.7729186014229925,0.8289714780944678,0.7713716525751246,0.7996516892086128,0.755716885308923,0.043934803899689824,0.782077767648737,20.0,128.0
ERM 20 layers 32 nodes,3,0.7904897727804997,0.7412217690445388,0.7722179380401548,0.827824357592674,0.7712815987574753,0.7982687934746626,0.7541145278956773,0.0441542655789853,0.7806070872430685,20.0,32.0
ERM 20 layers 64 nodes,3,0.7936365553515499,0.7425138711216748,0.7737438349784337,0.8285826635441316,0.7719572327756804,0.7998081339895383,0.7555048779014278,0.044303256088110504,0.7820868315542941,20.0,64.0
ERM 5 layers 128 nodes,3,0.7953459049103948,0.7407587767287346,0.7734854452015347,0.8292552700833007,0.771275966019553,0.79962343775016,0.7556255248465189,0.04399791290364106,0.7820242725887036,5.0,128.0
ERM 5 layers 32 nodes,3,0.7953338432327173,0.7433483966091586,0.7738505902961279,0.8293441481556723,0.7716036247901471,0.7995037144365382,0.7574847298871044,0.04201898454943395,0.7826961206167646,5.0,32.0
ERM 5 layers 64 nodes,3,0.7963346561270239,0.7433936075732193,0.7741056274266862,0.8298082358441278,0.772157092879378,0.800232688918658,0.7575505765472305,0.042682112371427536,0.7831598439700871,5.0,64.0
