Model,Ndomains,C02,A07,A05,B03,C05,Internal,External,diff(int-ext),All,Nlayers,Nnodes
ERM 10 layers 128 nodes,2,0.7839577102521289,0.7232417673002945,0.765000151457269,0.820199751597005,0.7504490960177812,0.8007281982458122,0.7471306933776181,0.05359750486819417,0.7685696953248957,10.0,128.0
ERM 10 layers 32 nodes,2,0.7784658906845291,0.7229297376131045,0.7646838167761129,0.8181576377383046,0.7495277686667459,0.8000051223692844,0.7445848689134094,0.05542025345587513,0.7667529702957594,10.0,32.0
ERM 10 layers 64 nodes,2,0.7818136798203831,0.7246432390159263,0.7655975415691385,0.819640786111718,0.7518604069997974,0.8014246912693349,0.7469020903260979,0.054522600943237125,0.7687111307033926,10.0,64.0
ERM 20 layers 128 nodes,2,0.782970325741498,0.7203842806268159,0.7637541774512574,0.8194394572656075,0.7478862280900962,0.7996963981829757,0.7450138909364413,0.05468250724653432,0.766886893835055,20.0,128.0
ERM 20 layers 32 nodes,2,0.7757743142447393,0.7233302499943827,0.763967009224777,0.8168714156336598,0.7496338248134784,0.7994801916713756,0.7435388101894287,0.055941381481946904,0.7659153627822074,20.0,32.0
ERM 20 layers 64 nodes,2,0.7802722923843315,0.7235503222091425,0.7647501450117573,0.8184950144108986,0.7499878965822621,0.8002952648062955,0.7454883803286002,0.05480688447769537,0.7674111341196783,20.0,64.0
ERM 5 layers 128 nodes,2,0.7813185666144541,0.719599209225148,0.7642303127852383,0.8192453033584622,0.7473678327358119,0.7993641739123118,0.7443442922981636,0.05501988161414821,0.766352244943823,5.0,128.0
ERM 5 layers 32 nodes,2,0.7794542249494922,0.7239704070677692,0.7647552053510589,0.8179981708041582,0.7489243688295446,0.8006052435464781,0.744630629969689,0.055974613576789164,0.7670204754004046,5.0,32.0
ERM 5 layers 64 nodes,2,0.782423446253402,0.7226460279025767,0.7650922235074034,0.8193919526563752,0.7498382554107604,0.8007908680807833,0.7459367231896503,0.05485414489113287,0.7678783811461035,5.0,64.0
